{
  "width": 480,
  "height": 640,
  "cx": 322.2041015625,
  "cy": 242.11212158203125,
  "fx": 386.8234558105469,
  "fy": 386.3349609375,
  "D": [-0.05789553001523018, 0.06258319318294525, -0.00015653487935196608, 0.001293684123083949, -0.019979961216449738]

}
